{
  "resumo": {
    "data_execucao": "2026-03-05 22:46:53",
    "tempo_execucao": 2835.6003093719482,
    "total_respostas": 189,
    "modelos_testados": 7,
    "prompts_executados": 27,
    "respostas_validas": 126,
    "taxa_erro": 33.33333333333333
  },
  "modelos": {
    "llama3_8b": {
      "total_respostas": 27,
      "respostas_validas": 27,
      "taxa_sucesso": 100.0,
      "tempo_medio": 0.5379724502563477,
      "comprimento_medio": 1028.6296296296296
    },
    "llama3_70b": {
      "total_respostas": 27,
      "respostas_validas": 27,
      "taxa_sucesso": 100.0,
      "tempo_medio": 0.8744558758205838,
      "comprimento_medio": 1016.5185185185185
    },
    "gpt_oss_20b": {
      "total_respostas": 27,
      "respostas_validas": 18,
      "taxa_sucesso": 66.66666666666666,
      "tempo_medio": 0.4469165537092421,
      "comprimento_medio": 302.3333333333333
    },
    "gpt_oss_120b": {
      "total_respostas": 27,
      "respostas_validas": 26,
      "taxa_sucesso": 96.29629629629629,
      "tempo_medio": 0.7208569844563802,
      "comprimento_medio": 427.7692307692308
    },
    "qwen_32b": {
      "total_respostas": 27,
      "respostas_validas": 27,
      "taxa_sucesso": 100.0,
      "tempo_medio": 0.8028634300938359,
      "comprimento_medio": 1273.8148148148148
    },
    "gemini_2_5_flash_lite": {
      "total_respostas": 27,
      "respostas_validas": 1,
      "taxa_sucesso": 3.7037037037037033,
      "tempo_medio": 36.050039273721204,
      "comprimento_medio": 1164.0
    },
    "gemini-2.0-flash-lite": {
      "total_respostas": 27,
      "respostas_validas": 0,
      "taxa_sucesso": 0.0,
      "tempo_medio": 37.607115533616806,
      "comprimento_medio": 0
    }
  },
  "observacao": "Métricas acadêmicas (BLEU, ROUGE, BERTScore, EvidentlyAI) são calculadas na análise detalhada"
}