{
  "resumo": {
    "data_execucao": "2026-03-06 19:21:51",
    "tempo_execucao": 2837.0858442783356,
    "total_respostas": 189,
    "modelos_testados": 7,
    "prompts_executados": 27,
    "respostas_validas": 133,
    "taxa_erro": 29.629629629629626
  },
  "modelos": {
    "llama3_8b": {
      "total_respostas": 27,
      "respostas_validas": 27,
      "taxa_sucesso": 100.0,
      "tempo_medio": 0.577672145984791,
      "comprimento_medio": 1004.2592592592592
    },
    "llama3_70b": {
      "total_respostas": 27,
      "respostas_validas": 27,
      "taxa_sucesso": 100.0,
      "tempo_medio": 0.8707210929305466,
      "comprimento_medio": 1013.074074074074
    },
    "gpt_oss_20b": {
      "total_respostas": 27,
      "respostas_validas": 25,
      "taxa_sucesso": 92.5925925925926,
      "tempo_medio": 0.5438188093679922,
      "comprimento_medio": 378.28
    },
    "gpt_oss_120b": {
      "total_respostas": 27,
      "respostas_validas": 26,
      "taxa_sucesso": 96.29629629629629,
      "tempo_medio": 0.6513942259329336,
      "comprimento_medio": 425.84615384615387
    },
    "qwen_32b": {
      "total_respostas": 27,
      "respostas_validas": 27,
      "taxa_sucesso": 100.0,
      "tempo_medio": 0.8070599679593686,
      "comprimento_medio": 1276.7037037037037
    },
    "gemini_2_5_flash_lite": {
      "total_respostas": 27,
      "respostas_validas": 0,
      "taxa_sucesso": 0.0,
      "tempo_medio": 37.3057036223235,
      "comprimento_medio": 0
    },
    "gemini_3_flash_preview": {
      "total_respostas": 27,
      "respostas_validas": 1,
      "taxa_sucesso": 3.7037037037037033,
      "tempo_medio": 36.38291441952741,
      "comprimento_medio": 66.0
    }
  },
  "observacao": "Métricas acadêmicas (BLEU, ROUGE, BERTScore, EvidentlyAI) são calculadas na análise detalhada"
}