{
  "resumo": {
    "data_execucao": "2026-03-05 21:59:07",
    "tempo_execucao": 2814.15487575531,
    "total_respostas": 189,
    "modelos_testados": 7,
    "prompts_executados": 27,
    "respostas_validas": 129,
    "taxa_erro": 31.746031746031743
  },
  "modelos": {
    "llama3_8b": {
      "total_respostas": 27,
      "respostas_validas": 27,
      "taxa_sucesso": 100.0,
      "tempo_medio": 0.5380006366305881,
      "comprimento_medio": 995.8888888888889
    },
    "llama3_70b": {
      "total_respostas": 27,
      "respostas_validas": 27,
      "taxa_sucesso": 100.0,
      "tempo_medio": 0.847923234657005,
      "comprimento_medio": 1017.6666666666666
    },
    "gpt_oss_20b": {
      "total_respostas": 27,
      "respostas_validas": 20,
      "taxa_sucesso": 74.07407407407408,
      "tempo_medio": 0.451880172446922,
      "comprimento_medio": 333.5
    },
    "gpt_oss_120b": {
      "total_respostas": 27,
      "respostas_validas": 26,
      "taxa_sucesso": 96.29629629629629,
      "tempo_medio": 0.797064463297526,
      "comprimento_medio": 456.61538461538464
    },
    "qwen_32b": {
      "total_respostas": 27,
      "respostas_validas": 27,
      "taxa_sucesso": 100.0,
      "tempo_medio": 0.8833137176654957,
      "comprimento_medio": 1272.148148148148
    },
    "gemini_2_5_flash_lite": {
      "total_respostas": 27,
      "respostas_validas": 2,
      "taxa_sucesso": 7.4074074074074066,
      "tempo_medio": 35.264159511636805,
      "comprimento_medio": 1130.0
    },
    "gemini-2.0-flash-lite": {
      "total_respostas": 27,
      "respostas_validas": 0,
      "taxa_sucesso": 0.0,
      "tempo_medio": 37.4658523135715,
      "comprimento_medio": 0
    }
  },
  "observacao": "Métricas acadêmicas (BLEU, ROUGE, BERTScore, EvidentlyAI) são calculadas na análise detalhada"
}